<Date>, <Time>, <Open>, <High>, <Low>, <Close>, <Volume>
2026/3/20,14:30:00,4.601,4.601,4.597,4.599,12581816.0
2026/3/20,14:35:00,4.599,4.601,4.594,4.595,21964900.0
2026/3/20,14:40:00,4.595,4.595,4.59,4.591,30214400.0
2026/3/20,14:45:00,4.591,4.591,4.583,4.584,32216500.0
2026/3/20,14:50:00,4.584,4.584,4.577,4.579,33730700.0
2026/3/20,14:55:00,4.579,4.582,4.575,4.575,29767700.0
2026/3/20,15:00:00,4.575,4.578,4.573,4.575,25763200.0
2026/3/23,09:35:00,4.528,4.537,4.483,4.493,153547320.0
2026/3/23,09:40:00,4.493,4.494,4.472,4.493,79668553.0
2026/3/23,09:45:00,4.492,4.5,4.479,4.495,55955500.0
2026/3/23,09:50:00,4.495,4.511,4.493,4.502,30539500.0
2026/3/23,09:55:00,4.503,4.509,4.495,4.498,27091580.0
2026/3/23,10:00:00,4.5,4.512,4.497,4.509,19698400.0
2026/3/23,10:05:00,4.51,4.518,4.505,4.515,23303139.0
2026/3/23,10:10:00,4.515,4.525,4.514,4.523,18516700.0
2026/3/23,10:15:00,4.523,4.524,4.505,4.506,23329300.0
2026/3/23,10:20:00,4.506,4.513,4.504,4.512,14929500.0
2026/3/23,10:25:00,4.513,4.515,4.506,4.511,7843700.0
2026/3/23,10:30:00,4.511,4.516,4.5,4.502,11318400.0
2026/3/23,10:35:00,4.502,4.504,4.488,4.489,29797600.0
2026/3/23,10:40:00,4.488,4.496,4.486,4.486,13581600.0
2026/3/23,10:45:00,4.487,4.493,4.483,4.492,15400200.0
2026/3/23,10:50:00,4.491,4.492,4.483,4.483,13659000.0
2026/3/23,10:55:00,4.484,4.487,4.476,4.478,18539300.0
2026/3/23,11:00:00,4.478,4.492,4.477,4.491,24308000.0
2026/3/23,11:05:00,4.491,4.501,4.488,4.498,14502500.0
2026/3/23,11:10:00,4.498,4.5,4.482,4.484,8061800.0
2026/3/23,11:15:00,4.483,4.484,4.475,4.478,16502200.0
2026/3/23,11:20:00,4.478,4.484,4.475,4.476,8655500.0
2026/3/23,11:25:00,4.476,4.481,4.472,4.474,12008800.0
2026/3/23,11:30:00,4.475,4.48,4.468,4.47,25121300.0
2026/3/23,13:05:00,4.47,4.492,4.468,4.486,28340400.0
2026/3/23,13:10:00,4.487,4.49,4.476,4.476,17387600.0
2026/3/23,13:15:00,4.475,4.484,4.47,4.479,21585800.0
2026/3/23,13:20:00,4.479,4.479,4.468,4.469,20271200.0
2026/3/23,13:25:00,4.47,4.47,4.457,4.46,23827685.0
2026/3/23,13:30:00,4.46,4.462,4.452,4.453,33405915.0
2026/3/23,13:35:00,4.453,4.462,4.447,4.461,30406500.0
2026/3/23,13:40:00,4.461,4.47,4.456,4.462,25580500.0
2026/3/23,13:45:00,4.463,4.463,4.443,4.443,33183600.0
2026/3/23,13:50:00,4.443,4.448,4.44,4.441,26501900.0
2026/3/23,13:55:00,4.441,4.449,4.437,4.442,40663600.0
2026/3/23,14:00:00,4.442,4.454,4.441,4.444,29097400.0
2026/3/23,14:05:00,4.444,4.444,4.428,4.431,32057300.0
2026/3/23,14:10:00,4.431,4.431,4.417,4.428,23306900.0
2026/3/23,14:15:00,4.428,4.429,4.415,4.416,45282000.0
2026/3/23,14:20:00,4.416,4.429,4.415,4.427,24239800.0
2026/3/23,14:25:00,4.427,4.435,4.412,4.435,54842700.0
2026/3/23,14:30:00,4.434,4.45,4.431,4.435,35862100.0
2026/3/23,14:35:00,4.436,4.437,4.417,4.418,58100300.0
2026/3/23,14:40:00,4.418,4.425,4.417,4.424,31558900.0
2026/3/23,14:45:00,4.423,4.432,4.416,4.417,48276300.0
2026/3/23,14:50:00,4.417,4.418,4.406,4.411,39959300.0
2026/3/23,14:55:00,4.411,4.42,4.411,4.419,57943000.0
2026/3/23,15:00:00,4.42,4.434,4.418,4.431,75938018.0
2026/3/24,09:35:00,4.463,4.468,4.448,4.452,89395025.0
2026/3/24,09:40:00,4.452,4.452,4.434,4.435,34266094.0
2026/3/24,09:45:00,4.435,4.438,4.421,4.429,23770609.0
2026/3/24,09:50:00,4.429,4.435,4.426,4.426,19177700.0
2026/3/24,09:55:00,4.426,4.442,4.425,4.426,25822200.0
2026/3/24,10:00:00,4.426,4.429,4.417,4.418,17029000.0
2026/3/24,10:05:00,4.418,4.43,4.414,4.423,20285600.0
2026/3/24,10:10:00,4.423,4.434,4.421,4.427,12482200.0
2026/3/24,10:15:00,4.427,4.43,4.416,4.417,10775800.0
2026/3/24,10:20:00,4.417,4.417,4.405,4.409,22819900.0
2026/3/24,10:25:00,4.409,4.434,4.408,4.432,25396400.0
2026/3/24,10:30:00,4.431,4.443,4.425,4.441,17596900.0
2026/3/24,10:35:00,4.443,4.451,4.439,4.446,25438200.0
2026/3/24,10:40:00,4.447,4.452,4.446,4.446,12266100.0
2026/3/24,10:45:00,4.447,4.458,4.442,4.457,17049300.0
2026/3/24,10:50:00,4.458,4.459,4.446,4.448,16445800.0
2026/3/24,10:55:00,4.449,4.453,4.443,4.45,9663500.0
2026/3/24,11:00:00,4.451,4.453,4.449,4.452,9065200.0
2026/3/24,11:05:00,4.452,4.454,4.444,4.448,8130300.0
2026/3/24,11:10:00,4.448,4.455,4.44,4.442,7575700.0
2026/3/24,11:15:00,4.442,4.45,4.442,4.449,6691500.0
2026/3/24,11:20:00,4.449,4.456,4.446,4.452,13055900.0
2026/3/24,11:25:00,4.451,4.458,4.45,4.455,18277100.0
2026/3/24,11:30:00,4.456,4.457,4.449,4.452,10843696.0
2026/3/24,13:05:00,4.453,4.454,4.435,4.435,15393800.0
2026/3/24,13:10:00,4.437,4.437,4.429,4.431,16491900.0
2026/3/24,13:15:00,4.431,4.437,4.43,4.435,5410900.0
2026/3/24,13:20:00,4.435,4.437,4.431,4.436,2624500.0
2026/3/24,13:25:00,4.436,4.438,4.431,4.432,4654100.0
2026/3/24,13:30:00,4.432,4.432,4.423,4.424,7358000.0
2026/3/24,13:35:00,4.424,4.434,4.422,4.433,3550800.0
2026/3/24,13:40:00,4.434,4.442,4.432,4.439,5736200.0
2026/3/24,13:45:00,4.439,4.442,4.433,4.435,17295400.0
2026/3/24,13:50:00,4.433,4.441,4.433,4.437,5033000.0
2026/3/24,13:55:00,4.436,4.438,4.432,4.435,2923500.0
2026/3/24,14:00:00,4.435,4.436,4.43,4.435,3329100.0
2026/3/24,14:05:00,4.436,4.44,4.433,4.437,4474495.0
2026/3/24,14:10:00,4.437,4.444,4.437,4.443,9336000.0
2026/3/24,14:15:00,4.444,4.45,4.441,4.449,8111800.0
2026/3/24,14:20:00,4.45,4.459,4.449,4.458,19791400.0
2026/3/24,14:25:00,4.458,4.47,4.457,4.463,39502700.0
2026/3/24,14:30:00,4.464,4.466,4.458,4.466,21545500.0
2026/3/24,14:35:00,4.466,4.475,4.465,4.47,32091400.0
2026/3/24,14:40:00,4.471,4.474,4.463,4.466,17405400.0
2026/3/24,14:45:00,4.467,4.475,4.466,4.472,17919100.0
2026/3/24,14:50:00,4.473,4.476,4.47,4.474,31713315.0
2026/3/24,14:55:00,4.475,4.479,4.474,4.478,57756866.0
2026/3/24,15:00:00,4.479,4.48,4.477,4.479,27666200.0
2026/3/25,09:35:00,4.51,4.517,4.504,4.516,82508571.0
2026/3/25,09:40:00,4.517,4.53,4.513,4.526,56962900.0
2026/3/25,09:45:00,4.525,4.539,4.525,4.528,53026200.0
2026/3/25,09:50:00,4.529,4.533,4.524,4.528,37902500.0
2026/3/25,09:55:00,4.528,4.536,4.525,4.533,30696400.0
2026/3/25,10:00:00,4.534,4.539,4.531,4.532,26142100.0
2026/3/25,10:05:00,4.532,4.535,4.527,4.529,26754120.0
2026/3/25,10:10:00,4.529,4.533,4.527,4.53,24210000.0
2026/3/25,10:15:00,4.531,4.538,4.526,4.537,16345099.0
2026/3/25,10:20:00,4.536,4.542,4.533,4.54,23967097.0
2026/3/25,10:25:00,4.54,4.542,4.532,4.536,20471900.0
2026/3/25,10:30:00,4.536,4.538,4.533,4.534,12672500.0
2026/3/25,10:35:00,4.535,4.54,4.531,4.532,13639800.0
2026/3/25,10:40:00,4.532,4.532,4.527,4.528,8151178.0
2026/3/25,10:45:00,4.528,4.542,4.527,4.54,18973600.0
2026/3/25,10:50:00,4.54,4.544,4.536,4.537,12562100.0
2026/3/25,10:55:00,4.537,4.537,4.532,4.536,10407700.0
2026/3/25,11:00:00,4.535,4.539,4.532,4.533,6522700.0
2026/3/25,11:05:00,4.533,4.535,4.529,4.529,13709200.0
2026/3/25,11:10:00,4.529,4.533,4.527,4.528,16038836.0
2026/3/25,11:15:00,4.528,4.531,4.526,4.528,9036818.0
2026/3/25,11:20:00,4.528,4.531,4.524,4.526,12630900.0
2026/3/25,11:25:00,4.526,4.527,4.521,4.525,6813000.0
2026/3/25,11:30:00,4.526,4.527,4.521,4.523,9565800.0
2026/3/25,13:05:00,4.524,4.532,4.523,4.531,16750064.0
2026/3/25,13:10:00,4.532,4.536,4.529,4.534,5652963.0
2026/3/25,13:15:00,4.534,4.538,4.531,4.537,6722330.0
2026/3/25,13:20:00,4.537,4.539,4.534,4.538,9711400.0
2026/3/25,13:25:00,4.538,4.542,4.536,4.54,11170193.0
2026/3/25,13:30:00,4.54,4.544,4.537,4.543,15166416.0
2026/3/25,13:35:00,4.544,4.545,4.537,4.537,19349520.0
2026/3/25,13:40:00,4.537,4.542,4.537,4.54,13884755.0
2026/3/25,13:45:00,4.541,4.549,4.54,4.546,21349224.0
2026/3/25,13:50:00,4.546,4.546,4.54,4.54,9735826.0
2026/3/25,13:55:00,4.541,4.542,4.532,4.534,10222000.0
2026/3/25,14:00:00,4.533,4.54,4.532,4.539,13418622.0
2026/3/25,14:05:00,4.539,4.541,4.534,4.534,9857100.0
2026/3/25,14:10:00,4.534,4.536,4.533,4.533,12311800.0
2026/3/25,14:15:00,4.533,4.536,4.529,4.53,12454200.0
2026/3/25,14:20:00,4.53,4.534,4.529,4.534,9822500.0
2026/3/25,14:25:00,4.533,4.537,4.533,4.535,10041500.0
2026/3/25,14:30:00,4.535,4.536,4.531,4.531,9165500.0
2026/3/25,14:35:00,4.532,4.539,4.532,4.538,13914900.0
2026/3/25,14:40:00,4.539,4.539,4.536,4.538,15402500.0
2026/3/25,14:45:00,4.539,4.542,4.538,4.542,16539824.0
2026/3/25,14:50:00,4.543,4.543,4.54,4.543,10166400.0
2026/3/25,14:55:00,4.544,4.544,4.542,4.544,20430200.0
2026/3/25,15:00:00,4.544,4.545,4.543,4.543,24761881.0
2026/3/26,09:35:00,4.536,4.542,4.531,4.536,27276299.0
2026/3/26,09:40:00,4.536,4.543,4.535,4.543,13792476.0
2026/3/26,09:45:00,4.543,4.547,4.54,4.543,14097400.0
2026/3/26,09:50:00,4.542,4.546,4.536,4.538,7246052.0
2026/3/26,09:55:00,4.538,4.539,4.535,4.538,6999800.0
2026/3/26,10:00:00,4.538,4.545,4.537,4.545,14246917.0
2026/3/26,10:05:00,4.545,4.546,4.541,4.544,9467800.0
2026/3/26,10:10:00,4.545,4.547,4.539,4.539,7718100.0
2026/3/26,10:15:00,4.539,4.545,4.538,4.543,4577200.0
2026/3/26,10:20:00,4.544,4.544,4.54,4.541,6098600.0
2026/3/26,10:25:00,4.54,4.544,4.535,4.535,7040638.0
2026/3/26,10:30:00,4.535,4.536,4.533,4.534,7898100.0
2026/3/26,10:35:00,4.534,4.539,4.532,4.532,5833500.0
2026/3/26,10:40:00,4.533,4.534,4.527,4.528,7816700.0
2026/3/26,10:45:00,4.528,4.535,4.528,4.532,5094500.0
2026/3/26,10:50:00,4.532,4.535,4.53,4.532,6426400.0
2026/3/26,10:55:00,4.533,4.534,4.528,4.531,5921800.0
2026/3/26,11:00:00,4.531,4.531,4.523,4.527,8538600.0
2026/3/26,11:05:00,4.527,4.529,4.525,4.527,5735100.0
2026/3/26,11:10:00,4.528,4.528,4.522,4.523,8336800.0
2026/3/26,11:15:00,4.523,4.53,4.522,4.53,8037700.0
2026/3/26,11:20:00,4.53,4.53,4.523,4.524,4755500.0
2026/3/26,11:25:00,4.524,4.528,4.523,4.528,4426400.0
2026/3/26,11:30:00,4.528,4.528,4.522,4.524,4107600.0
2026/3/26,13:05:00,4.523,4.524,4.517,4.518,8847700.0
2026/3/26,13:10:00,4.519,4.519,4.507,4.51,13383200.0
2026/3/26,13:15:00,4.509,4.511,4.502,4.502,16887400.0
2026/3/26,13:20:00,4.502,4.507,4.502,4.504,8298400.0
2026/3/26,13:25:00,4.504,4.504,4.493,4.496,18793881.0
2026/3/26,13:30:00,4.496,4.498,4.491,4.498,7733000.0
2026/3/26,13:35:00,4.498,4.499,4.494,4.497,8179000.0
2026/3/26,13:40:00,4.497,4.502,4.496,4.5,7673900.0
2026/3/26,13:45:00,4.5,4.505,4.498,4.502,7602700.0
2026/3/26,13:50:00,4.502,4.503,4.496,4.498,7372300.0
2026/3/26,13:55:00,4.499,4.5,4.496,4.497,5031000.0
2026/3/26,14:00:00,4.496,4.497,4.489,4.49,12347600.0
2026/3/26,14:05:00,4.49,4.494,4.488,4.494,11427700.0
2026/3/26,14:10:00,4.494,4.494,4.484,4.485,11319300.0
2026/3/26,14:15:00,4.485,4.489,4.484,4.486,7784200.0
2026/3/26,14:20:00,4.485,4.487,4.481,4.483,16227210.0
2026/3/26,14:25:00,4.484,4.484,4.481,4.482,11556690.0
2026/3/26,14:30:00,4.482,4.484,4.48,4.483,9904911.0
2026/3/26,14:35:00,4.483,4.485,4.48,4.484,12499100.0
2026/3/26,14:40:00,4.485,4.488,4.477,4.477,20139700.0
2026/3/26,14:45:00,4.478,4.482,4.477,4.48,11700600.0
2026/3/26,14:50:00,4.48,4.483,4.478,4.482,12047740.0
2026/3/26,14:55:00,4.483,4.488,4.482,4.487,11100000.0
2026/3/26,15:00:00,4.488,4.49,4.486,4.489,14895200.0
2026/3/27,09:35:00,4.45,4.472,4.445,4.466,51617900.0
2026/3/27,09:40:00,4.467,4.474,4.464,4.465,24896800.0
2026/3/27,09:45:00,4.466,4.473,4.465,4.465,17270400.0
2026/3/27,09:50:00,4.465,4.469,4.457,4.458,19958340.0
2026/3/27,09:55:00,4.459,4.468,4.456,4.466,18467700.0
2026/3/27,10:00:00,4.467,4.477,4.466,4.476,9183141.0
2026/3/27,10:05:00,4.477,4.481,4.471,4.477,12909000.0
2026/3/27,10:10:00,4.477,4.484,4.474,4.483,6929400.0
2026/3/27,10:15:00,4.483,4.488,4.48,4.488,8634200.0
2026/3/27,10:20:00,4.487,4.489,4.481,4.484,9534400.0
2026/3/27,10:25:00,4.483,4.484,4.475,4.479,7170000.0
2026/3/27,10:30:00,4.48,4.493,4.48,4.492,13148900.0
2026/3/27,10:35:00,4.492,4.497,4.49,4.497,10757000.0
2026/3/27,10:40:00,4.496,4.499,4.495,4.497,6652500.0
2026/3/27,10:45:00,4.496,4.5,4.492,4.495,6594023.0
2026/3/27,10:50:00,4.497,4.508,4.495,4.502,15548700.0
2026/3/27,10:55:00,4.502,4.503,4.495,4.497,3779300.0
2026/3/27,11:00:00,4.497,4.497,4.487,4.488,6492300.0
2026/3/27,11:05:00,4.489,4.494,4.488,4.49,2842200.0
2026/3/27,11:10:00,4.49,4.495,4.49,4.495,3489300.0
2026/3/27,11:15:00,4.495,4.502,4.493,4.499,4638800.0
2026/3/27,11:20:00,4.498,4.503,4.496,4.498,4718800.0
2026/3/27,11:25:00,4.499,4.5,4.495,4.498,3638300.0
2026/3/27,11:30:00,4.498,4.504,4.497,4.501,4508600.0
2026/3/27,13:05:00,4.502,4.524,4.502,4.521,28246604.0
2026/3/27,13:10:00,4.52,4.53,4.519,4.529,17451700.0
2026/3/27,13:15:00,4.529,4.53,4.521,4.524,10313900.0
2026/3/27,13:20:00,4.523,4.529,4.519,4.526,11588300.0
2026/3/27,13:25:00,4.526,4.528,4.519,4.519,6621400.0
2026/3/27,13:30:00,4.519,4.521,4.516,4.516,7981400.0
2026/3/27,13:35:00,4.517,4.526,4.516,4.519,6721100.0
2026/3/27,13:40:00,4.518,4.523,4.518,4.522,5446637.0
2026/3/27,13:45:00,4.522,4.524,4.52,4.52,5145100.0
2026/3/27,13:50:00,4.522,4.523,4.52,4.521,3742900.0
2026/3/27,13:55:00,4.52,4.523,4.516,4.517,7823000.0
2026/3/27,14:00:00,4.516,4.518,4.509,4.509,7698600.0
2026/3/27,14:05:00,4.509,4.512,4.507,4.508,7256100.0
2026/3/27,14:10:00,4.509,4.511,4.502,4.503,6598800.0
2026/3/27,14:15:00,4.504,4.508,4.503,4.506,5973400.0
2026/3/27,14:20:00,4.506,4.511,4.505,4.507,5495500.0
2026/3/27,14:25:00,4.508,4.513,4.507,4.51,10556500.0
2026/3/27,14:30:00,4.511,4.511,4.506,4.508,8688300.0
2026/3/27,14:35:00,4.507,4.511,4.507,4.509,8837300.0
2026/3/27,14:40:00,4.509,4.512,4.507,4.51,13861800.0
2026/3/27,14:45:00,4.51,4.513,4.507,4.508,11604600.0
2026/3/27,14:50:00,4.509,4.512,4.508,4.511,20469681.0
2026/3/27,14:55:00,4.511,4.512,4.507,4.508,39614600.0
2026/3/27,15:00:00,4.508,4.51,4.508,4.509,31573600.0
2026/3/30,09:35:00,4.462,4.485,4.462,4.485,64712800.0
2026/3/30,09:40:00,4.486,4.489,4.479,4.481,25446924.0
2026/3/30,09:45:00,4.481,4.487,4.475,4.479,27552200.0
2026/3/30,09:50:00,4.479,4.479,4.468,4.469,29971500.0
2026/3/30,09:55:00,4.47,4.471,4.454,4.455,50682981.0
2026/3/30,10:00:00,4.455,4.464,4.454,4.459,28965640.0
2026/3/30,10:05:00,4.459,4.464,4.455,4.459,26430700.0
2026/3/30,10:10:00,4.459,4.465,4.458,4.465,17519800.0
2026/3/30,10:15:00,4.465,4.469,4.458,4.462,11890300.0
2026/3/30,10:20:00,4.462,4.472,4.461,4.465,15065500.0
2026/3/30,10:25:00,4.466,4.466,4.453,4.462,14102100.0
2026/3/30,10:30:00,4.462,4.463,4.456,4.46,13166700.0
2026/3/30,10:35:00,4.461,4.467,4.455,4.461,16554880.0
2026/3/30,10:40:00,4.461,4.464,4.455,4.456,5856700.0
2026/3/30,10:45:00,4.457,4.466,4.456,4.466,8626007.0
2026/3/30,10:50:00,4.466,4.476,4.464,4.476,5526700.0
2026/3/30,10:55:00,4.475,4.478,4.474,4.478,6758400.0
2026/3/30,11:00:00,4.478,4.478,4.472,4.474,6443300.0
2026/3/30,11:05:00,4.474,4.486,4.473,4.486,7873726.0
2026/3/30,11:10:00,4.486,4.498,4.484,4.496,12730983.0
2026/3/30,11:15:00,4.496,4.502,4.492,4.493,7977900.0
2026/3/30,11:20:00,4.493,4.501,4.491,4.496,5848700.0
2026/3/30,11:25:00,4.495,4.504,4.495,4.504,6595312.0
2026/3/30,11:30:00,4.504,4.505,4.499,4.503,6605600.0
2026/3/30,13:05:00,4.503,4.505,4.494,4.5,11188400.0
2026/3/30,13:10:00,4.5,4.5,4.487,4.493,5017423.0
2026/3/30,13:15:00,4.494,4.502,4.492,4.493,5355300.0
2026/3/30,13:20:00,4.492,4.497,4.492,4.494,8257800.0
2026/3/30,13:25:00,4.496,4.498,4.49,4.493,4968028.0
2026/3/30,13:30:00,4.493,4.497,4.492,4.495,3924327.0
2026/3/30,13:35:00,4.495,4.499,4.493,4.499,2369100.0
2026/3/30,13:40:00,4.499,4.499,4.486,4.488,5820800.0
2026/3/30,13:45:00,4.488,4.49,4.485,4.485,2560100.0
2026/3/30,13:50:00,4.485,4.49,4.483,4.49,3644600.0
2026/3/30,13:55:00,4.49,4.496,4.49,4.493,2509600.0
2026/3/30,14:00:00,4.494,4.497,4.491,4.497,1646200.0
2026/3/30,14:05:00,4.497,4.5,4.492,4.498,6696400.0
2026/3/30,14:10:00,4.499,4.499,4.494,4.495,2374600.0
2026/3/30,14:15:00,4.495,4.496,4.494,4.495,1899100.0
2026/3/30,14:20:00,4.495,4.498,4.495,4.497,3382800.0
2026/3/30,14:25:00,4.496,4.497,4.492,4.492,2869900.0
2026/3/30,14:30:00,4.491,4.496,4.491,4.494,3452500.0
2026/3/30,14:35:00,4.494,4.498,4.493,4.496,4603700.0
2026/3/30,14:40:00,4.497,4.497,4.492,4.494,5035000.0
2026/3/30,14:45:00,4.494,4.497,4.493,4.496,7633000.0
2026/3/30,14:50:00,4.497,4.501,4.496,4.501,9304700.0
2026/3/30,14:55:00,4.501,4.501,4.498,4.5,6226956.0
2026/3/30,15:00:00,4.5,4.501,4.499,4.501,10348600.0
2026/3/31,09:35:00,4.501,4.509,4.498,4.509,28487646.0
2026/3/31,09:40:00,4.509,4.52,4.507,4.517,25262200.0
2026/3/31,09:45:00,4.518,4.523,4.516,4.517,17892300.0
2026/3/31,09:50:00,4.517,4.519,4.51,4.512,17189200.0
2026/3/31,09:55:00,4.512,4.518,4.506,4.515,10022600.0
2026/3/31,10:00:00,4.515,4.52,4.514,4.52,10938600.0
2026/3/31,10:05:00,4.52,4.521,4.512,4.514,9081600.0
2026/3/31,10:10:00,4.514,4.524,4.51,4.522,24323900.0
2026/3/31,10:15:00,4.522,4.529,4.521,4.523,22269600.0
2026/3/31,10:20:00,4.523,4.526,4.52,4.521,16692200.0
2026/3/31,10:25:00,4.521,4.525,4.518,4.519,9185900.0
2026/3/31,10:30:00,4.519,4.523,4.517,4.52,6960700.0
2026/3/31,10:35:00,4.52,4.523,4.507,4.509,13276800.0
2026/3/31,10:40:00,4.509,4.513,4.507,4.511,13581200.0
2026/3/31,10:45:00,4.511,4.511,4.504,4.506,16644500.0
2026/3/31,10:50:00,4.506,4.506,4.498,4.5,11454600.0
2026/3/31,10:55:00,4.5,4.503,4.498,4.5,8411200.0
2026/3/31,11:00:00,4.5,4.5,4.495,4.496,6752209.0
2026/3/31,11:05:00,4.496,4.496,4.49,4.491,8091100.0
2026/3/31,11:10:00,4.492,4.492,4.487,4.49,7449600.0
2026/3/31,11:15:00,4.49,4.49,4.482,4.483,7360900.0
2026/3/31,11:20:00,4.482,4.485,4.478,4.48,10231400.0
2026/3/31,11:25:00,4.48,4.48,4.475,4.476,6670000.0
2026/3/31,11:30:00,4.476,4.476,4.471,4.474,10543300.0
2026/3/31,13:05:00,4.476,4.487,4.474,4.486,7123100.0
2026/3/31,13:10:00,4.487,4.487,4.479,4.483,5580300.0
2026/3/31,13:15:00,4.483,4.484,4.474,4.474,5628100.0
2026/3/31,13:20:00,4.474,4.482,4.473,4.482,4048700.0
2026/3/31,13:25:00,4.482,4.484,4.48,4.484,3583800.0
2026/3/31,13:30:00,4.484,4.488,4.482,4.487,4063200.0
2026/3/31,13:35:00,4.487,4.497,4.486,4.494,5947400.0
2026/3/31,13:40:00,4.494,4.499,4.492,4.493,4198500.0
2026/3/31,13:45:00,4.494,4.494,4.488,4.49,2499300.0
2026/3/31,13:50:00,4.49,4.501,4.49,4.5,5189000.0
2026/3/31,13:55:00,4.5,4.501,4.495,4.496,3429400.0
2026/3/31,14:00:00,4.496,4.5,4.491,4.492,13163226.0
2026/3/31,14:05:00,4.492,4.492,4.485,4.485,7874792.0
2026/3/31,14:10:00,4.485,4.486,4.483,4.483,3174300.0
2026/3/31,14:15:00,4.483,4.483,4.479,4.479,5220500.0
2026/3/31,14:20:00,4.48,4.48,4.474,4.476,10019100.0
2026/3/31,14:25:00,4.476,4.477,4.475,4.476,5613300.0
2026/3/31,14:30:00,4.476,4.481,4.474,4.474,8054000.0
2026/3/31,14:35:00,4.474,4.478,4.471,4.472,8646700.0
2026/3/31,14:40:00,4.472,4.473,4.47,4.472,10961000.0
2026/3/31,14:45:00,4.472,4.473,4.469,4.471,10549200.0
2026/3/31,14:50:00,4.471,4.473,4.464,4.465,25863100.0
2026/3/31,14:55:00,4.465,4.468,4.463,4.465,25887880.0
2026/3/31,15:00:00,4.465,4.468,4.462,4.464,25474400.0
2026/4/1,09:35:00,4.52,4.523,4.507,4.51,75547730.0
2026/4/1,09:40:00,4.51,4.511,4.501,4.505,23545387.0
2026/4/1,09:45:00,4.506,4.513,4.505,4.513,20106900.0
2026/4/1,09:50:00,4.513,4.517,4.512,4.516,14218300.0
2026/4/1,09:55:00,4.516,4.517,4.51,4.512,10602700.0
2026/4/1,10:00:00,4.512,4.515,4.507,4.508,6864200.0
2026/4/1,10:05:00,4.508,4.518,4.506,4.518,16675720.0
2026/4/1,10:10:00,4.519,4.525,4.518,4.525,26249726.0
2026/4/1,10:15:00,4.525,4.528,4.522,4.523,14977724.0
2026/4/1,10:20:00,4.525,4.527,4.52,4.525,15647040.0
2026/4/1,10:25:00,4.525,4.529,4.524,4.527,8654700.0
2026/4/1,10:30:00,4.527,4.528,4.52,4.52,4560100.0
2026/4/1,10:35:00,4.52,4.524,4.517,4.523,7308913.0
2026/4/1,10:40:00,4.524,4.527,4.522,4.523,6820600.0
2026/4/1,10:45:00,4.524,4.528,4.522,4.527,6382700.0
2026/4/1,10:50:00,4.527,4.53,4.522,4.522,16789000.0
2026/4/1,10:55:00,4.522,4.533,4.522,4.533,12408300.0
2026/4/1,11:00:00,4.532,4.534,4.53,4.532,6415900.0
2026/4/1,11:05:00,4.532,4.532,4.524,4.526,5968400.0
2026/4/1,11:10:00,4.524,4.529,4.523,4.527,10456900.0
2026/4/1,11:15:00,4.527,4.528,4.524,4.527,3433700.0
2026/4/1,11:20:00,4.528,4.532,4.527,4.53,5735800.0
2026/4/1,11:25:00,4.53,4.531,4.524,4.525,2983900.0
2026/4/1,11:30:00,4.525,4.527,4.52,4.522,4344100.0
2026/4/1,13:05:00,4.521,4.528,4.517,4.525,7791900.0
2026/4/1,13:10:00,4.525,4.528,4.523,4.527,5402800.0
2026/4/1,13:15:00,4.528,4.533,4.526,4.531,8841600.0
2026/4/1,13:20:00,4.531,4.534,4.529,4.529,5389700.0
2026/4/1,13:25:00,4.529,4.533,4.528,4.532,4254200.0
2026/4/1,13:30:00,4.532,4.538,4.532,4.537,15602300.0
2026/4/1,13:35:00,4.538,4.542,4.536,4.537,22617500.0
2026/4/1,13:40:00,4.536,4.537,4.531,4.533,3260000.0
2026/4/1,13:45:00,4.533,4.535,4.528,4.532,5221000.0
2026/4/1,13:50:00,4.533,4.533,4.525,4.528,3429320.0
2026/4/1,13:55:00,4.527,4.531,4.525,4.527,4429000.0
2026/4/1,14:00:00,4.525,4.527,4.516,4.519,7446482.0
2026/4/1,14:05:00,4.519,4.526,4.517,4.525,6500600.0
2026/4/1,14:10:00,4.525,4.527,4.522,4.522,4403300.0
2026/4/1,14:15:00,4.523,4.528,4.523,4.528,4163500.0
2026/4/1,14:20:00,4.528,4.53,4.527,4.53,3451600.0
2026/4/1,14:25:00,4.529,4.532,4.528,4.532,4466500.0
2026/4/1,14:30:00,4.532,4.533,4.53,4.533,4061900.0
2026/4/1,14:35:00,4.533,4.533,4.53,4.532,5002000.0
2026/4/1,14:40:00,4.532,4.533,4.53,4.531,5101100.0
2026/4/1,14:45:00,4.531,4.533,4.529,4.533,5288800.0
2026/4/1,14:50:00,4.533,4.538,4.532,4.536,17334124.0
2026/4/1,14:55:00,4.537,4.537,4.533,4.534,10971600.0
2026/4/1,15:00:00,4.534,4.536,4.531,4.535,10098800.0
2026/4/2,09:35:00,4.521,4.522,4.502,4.517,43185807.0
2026/4/2,09:40:00,4.518,4.523,4.514,4.515,20221900.0
2026/4/2,09:45:00,4.516,4.526,4.514,4.515,17249620.0
2026/4/2,09:50:00,4.515,4.517,4.506,4.513,24115300.0
2026/4/2,09:55:00,4.514,4.517,4.509,4.515,14376075.0
2026/4/2,10:00:00,4.516,4.522,4.515,4.52,5610100.0
2026/4/2,10:05:00,4.52,4.521,4.514,4.516,19120100.0
2026/4/2,10:10:00,4.516,4.522,4.514,4.521,12916500.0
2026/4/2,10:15:00,4.52,4.526,4.512,4.513,20994200.0
2026/4/2,10:20:00,4.513,4.516,4.509,4.51,9867900.0
2026/4/2,10:25:00,4.51,4.513,4.508,4.51,13638600.0
2026/4/2,10:30:00,4.51,4.512,4.509,4.511,9363120.0
2026/4/2,10:35:00,4.511,4.514,4.507,4.507,11269000.0
2026/4/2,10:40:00,4.508,4.508,4.5,4.502,15547600.0
2026/4/2,10:45:00,4.502,4.509,4.502,4.507,5980240.0
2026/4/2,10:50:00,4.507,4.509,4.506,4.506,3212300.0
2026/4/2,10:55:00,4.506,4.51,4.505,4.507,2557500.0
2026/4/2,11:00:00,4.507,4.511,4.505,4.506,2272900.0
2026/4/2,11:05:00,4.506,4.508,4.502,4.505,4964100.0
2026/4/2,11:10:00,4.505,4.505,4.5,4.501,9158592.0
2026/4/2,11:15:00,4.502,4.504,4.5,4.504,2208300.0
2026/4/2,11:20:00,4.504,4.507,4.502,4.502,1196417.0
2026/4/2,11:25:00,4.503,4.508,4.501,4.506,4175300.0
2026/4/2,11:30:00,4.505,4.506,4.496,4.501,7789308.0
2026/4/2,13:05:00,4.501,4.502,4.49,4.492,10221100.0
2026/4/2,13:10:00,4.492,4.492,4.488,4.49,7721400.0
2026/4/2,13:15:00,4.49,4.49,4.486,4.488,6908600.0
2026/4/2,13:20:00,4.488,4.489,4.484,4.484,9702000.0
2026/4/2,13:25:00,4.484,4.49,4.483,4.489,5547600.0
2026/4/2,13:30:00,4.489,4.493,4.487,4.491,5131300.0
2026/4/2,13:35:00,4.491,4.493,4.487,4.488,4158700.0
2026/4/2,13:40:00,4.488,4.489,4.483,4.485,4518490.0
2026/4/2,13:45:00,4.485,4.487,4.483,4.487,4174700.0
2026/4/2,13:50:00,4.487,4.487,4.482,4.483,5845810.0
2026/4/2,13:55:00,4.482,4.483,4.478,4.479,13005300.0
2026/4/2,14:00:00,4.478,4.48,4.472,4.474,8985800.0
2026/4/2,14:05:00,4.475,4.475,4.47,4.473,10708500.0
2026/4/2,14:10:00,4.472,4.478,4.472,4.477,6165700.0
2026/4/2,14:15:00,4.477,4.478,4.471,4.478,11519800.0
2026/4/2,14:20:00,4.478,4.486,4.477,4.483,7945300.0
2026/4/2,14:25:00,4.483,4.489,4.482,4.489,8884100.0
2026/4/2,14:30:00,4.489,4.49,4.486,4.486,4468000.0
2026/4/2,14:35:00,4.486,4.488,4.483,4.486,5091900.0
2026/4/2,14:40:00,4.485,4.487,4.482,4.486,5453700.0
2026/4/2,14:45:00,4.487,4.487,4.482,4.483,5992924.0
2026/4/2,14:50:00,4.483,4.483,4.479,4.482,7271000.0
2026/4/2,14:55:00,4.482,4.487,4.481,4.486,12832200.0
2026/4/2,15:00:00,4.487,4.49,4.486,4.49,13106400.0
2026/4/3,09:35:00,4.495,4.506,4.489,4.49,25423223.0
2026/4/3,09:40:00,4.491,4.494,4.483,4.484,17679720.0
2026/4/3,09:45:00,4.484,4.488,4.481,4.482,6796200.0
2026/4/3,09:50:00,4.482,4.486,4.48,4.484,6855600.0
2026/4/3,09:55:00,4.484,4.486,4.477,4.477,7947200.0
2026/4/3,10:00:00,4.477,4.477,4.473,4.474,14606380.0
2026/4/3,10:05:00,4.474,4.481,4.473,4.474,4512700.0
2026/4/3,10:10:00,4.474,4.475,4.469,4.471,9557700.0
2026/4/3,10:15:00,4.471,4.476,4.467,4.468,7436700.0
2026/4/3,10:20:00,4.469,4.469,4.465,4.467,6955400.0
2026/4/3,10:25:00,4.467,4.471,4.466,4.469,5626700.0
2026/4/3,10:30:00,4.47,4.479,4.469,4.479,32132300.0
2026/4/3,10:35:00,4.479,4.484,4.476,4.483,13912200.0
2026/4/3,10:40:00,4.484,4.485,4.478,4.479,3108600.0
2026/4/3,10:45:00,4.479,4.483,4.479,4.48,1609400.0
2026/4/3,10:50:00,4.479,4.482,4.477,4.481,2956500.0
2026/4/3,10:55:00,4.481,4.485,4.479,4.48,3486500.0
2026/4/3,11:00:00,4.48,4.48,4.471,4.472,4385400.0
2026/4/3,11:05:00,4.473,4.473,4.469,4.472,2345500.0
2026/4/3,11:10:00,4.471,4.472,4.468,4.47,2604800.0
2026/4/3,11:15:00,4.47,4.474,4.467,4.468,4888000.0
2026/4/3,11:20:00,4.468,4.468,4.461,4.468,11747900.0
2026/4/3,11:25:00,4.468,4.468,4.463,4.463,5362700.0
2026/4/3,11:30:00,4.463,4.463,4.46,4.461,6140300.0
2026/4/3,13:05:00,4.461,4.463,4.457,4.458,10920400.0
2026/4/3,13:10:00,4.458,4.461,4.455,4.461,7771900.0
2026/4/3,13:15:00,4.461,4.461,4.455,4.456,7048700.0
2026/4/3,13:20:00,4.456,4.456,4.45,4.451,13857200.0
2026/4/3,13:25:00,4.451,4.452,4.446,4.451,12072380.0
2026/4/3,13:30:00,4.451,4.454,4.45,4.452,4817900.0
2026/4/3,13:35:00,4.453,4.457,4.45,4.456,9403600.0
2026/4/3,13:40:00,4.455,4.466,4.454,4.463,7381309.0
2026/4/3,13:45:00,4.464,4.468,4.46,4.464,11638800.0
2026/4/3,13:50:00,4.464,4.465,4.456,4.46,5993200.0
2026/4/3,13:55:00,4.461,4.462,4.456,4.459,4251900.0
2026/4/3,14:00:00,4.459,4.464,4.458,4.463,5861900.0
2026/4/3,14:05:00,4.463,4.465,4.457,4.458,13801200.0
2026/4/3,14:10:00,4.458,4.46,4.452,4.454,5873200.0
2026/4/3,14:15:00,4.454,4.458,4.453,4.457,6290500.0
2026/4/3,14:20:00,4.457,4.458,4.455,4.456,4177200.0
2026/4/3,14:25:00,4.456,4.458,4.455,4.456,3717183.0
2026/4/3,14:30:00,4.456,4.456,4.451,4.454,4453800.0
2026/4/3,14:35:00,4.455,4.455,4.45,4.45,9023500.0
2026/4/3,14:40:00,4.45,4.451,4.446,4.45,16783300.0
2026/4/3,14:45:00,4.451,4.451,4.447,4.45,13181600.0
2026/4/3,14:50:00,4.45,4.452,4.448,4.45,9387300.0
2026/4/3,14:55:00,4.451,4.453,4.45,4.451,13814000.0
2026/4/3,15:00:00,4.453,4.455,4.451,4.455,16510000.0
2026/4/7,09:35:00,4.455,4.464,4.452,4.462,48099642.0
2026/4/7,09:40:00,4.462,4.462,4.446,4.447,52727000.0
2026/4/7,09:45:00,4.447,4.467,4.446,4.465,36541200.0
2026/4/7,09:50:00,4.466,4.47,4.463,4.465,18053600.0
2026/4/7,09:55:00,4.465,4.47,4.459,4.46,10340700.0
2026/4/7,10:00:00,4.459,4.465,4.459,4.462,6964600.0
2026/4/7,10:05:00,4.462,4.464,4.456,4.463,10465919.0
2026/4/7,10:10:00,4.463,4.464,4.458,4.462,4430800.0
2026/4/7,10:15:00,4.462,4.465,4.459,4.462,7692700.0
2026/4/7,10:20:00,4.462,4.463,4.458,4.462,9928500.0
2026/4/7,10:25:00,4.462,4.462,4.452,4.453,8966100.0
2026/4/7,10:30:00,4.453,4.457,4.449,4.457,6243100.0
2026/4/7,10:35:00,4.457,4.46,4.453,4.456,10181500.0
2026/4/7,10:40:00,4.456,4.46,4.455,4.46,4041700.0
2026/4/7,10:45:00,4.46,4.46,4.454,4.456,2809100.0
2026/4/7,10:50:00,4.457,4.458,4.454,4.458,5226600.0
2026/4/7,10:55:00,4.457,4.461,4.453,4.454,7543100.0
2026/4/7,11:00:00,4.455,4.458,4.454,4.456,4091300.0
2026/4/7,11:05:00,4.456,4.459,4.455,4.455,5970700.0
2026/4/7,11:10:00,4.455,4.456,4.451,4.454,3545000.0
2026/4/7,11:15:00,4.454,4.454,4.447,4.449,5602100.0
2026/4/7,11:20:00,4.449,4.45,4.443,4.444,8492100.0
2026/4/7,11:25:00,4.444,4.445,4.44,4.442,6240300.0
2026/4/7,11:30:00,4.442,4.443,4.436,4.437,6683100.0
2026/4/7,13:05:00,4.438,4.445,4.436,4.445,6812500.0
2026/4/7,13:10:00,4.445,4.449,4.442,4.442,5138200.0
2026/4/7,13:15:00,4.443,4.445,4.438,4.439,4375000.0
2026/4/7,13:20:00,4.439,4.44,4.431,4.433,7078200.0
2026/4/7,13:25:00,4.433,4.438,4.433,4.436,3766900.0
2026/4/7,13:30:00,4.437,4.437,4.433,4.437,4687100.0
2026/4/7,13:35:00,4.437,4.443,4.436,4.44,4824600.0
2026/4/7,13:40:00,4.439,4.446,4.437,4.444,3050000.0
2026/4/7,13:45:00,4.444,4.447,4.441,4.441,2234700.0
2026/4/7,13:50:00,4.441,4.445,4.438,4.443,3670600.0
2026/4/7,13:55:00,4.443,4.45,4.441,4.448,4468000.0
2026/4/7,14:00:00,4.447,4.454,4.446,4.454,6941600.0
2026/4/7,14:05:00,4.454,4.457,4.451,4.453,8099300.0
2026/4/7,14:10:00,4.454,4.455,4.448,4.453,4406000.0
2026/4/7,14:15:00,4.453,4.455,4.448,4.449,6456500.0
2026/4/7,14:20:00,4.45,4.451,4.446,4.447,3986200.0
2026/4/7,14:25:00,4.447,4.45,4.446,4.45,3241900.0
2026/4/7,14:30:00,4.45,4.453,4.449,4.45,4467400.0
2026/4/7,14:35:00,4.45,4.452,4.443,4.444,7509700.0
2026/4/7,14:40:00,4.444,4.445,4.441,4.444,4044100.0
2026/4/7,14:45:00,4.444,4.446,4.443,4.443,6672600.0
2026/4/7,14:50:00,4.444,4.446,4.443,4.446,3677000.0
2026/4/7,14:55:00,4.446,4.447,4.444,4.447,9496600.0
2026/4/7,15:00:00,4.447,4.448,4.445,4.446,18583400.0
2026/4/8,09:35:00,4.519,4.539,4.517,4.538,120777084.0
2026/4/8,09:40:00,4.539,4.549,4.538,4.548,83516340.0
2026/4/8,09:45:00,4.548,4.557,4.544,4.544,58967300.0
2026/4/8,09:50:00,4.545,4.55,4.544,4.546,31826900.0
2026/4/8,09:55:00,4.546,4.55,4.542,4.542,27379600.0
2026/4/8,10:00:00,4.543,4.546,4.541,4.545,31937968.0
2026/4/8,10:05:00,4.545,4.554,4.544,4.552,31320100.0
2026/4/8,10:10:00,4.552,4.555,4.55,4.553,14568800.0
2026/4/8,10:15:00,4.554,4.559,4.552,4.555,24197500.0
2026/4/8,10:20:00,4.555,4.558,4.553,4.553,12778892.0
2026/4/8,10:25:00,4.553,4.555,4.548,4.553,11917101.0
2026/4/8,10:30:00,4.553,4.56,4.553,4.559,20408600.0
2026/4/8,10:35:00,4.559,4.569,4.558,4.568,37637800.0
2026/4/8,10:40:00,4.568,4.569,4.562,4.564,23917400.0
2026/4/8,10:45:00,4.563,4.568,4.562,4.565,29519500.0
2026/4/8,10:50:00,4.565,4.571,4.564,4.57,23809000.0
2026/4/8,10:55:00,4.57,4.571,4.561,4.566,14271200.0
2026/4/8,11:00:00,4.565,4.566,4.562,4.564,7031300.0
2026/4/8,11:05:00,4.565,4.568,4.563,4.566,6543600.0
2026/4/8,11:10:00,4.566,4.569,4.562,4.568,10231100.0
2026/4/8,11:15:00,4.568,4.575,4.567,4.574,15420000.0
2026/4/8,11:20:00,4.575,4.575,4.573,4.575,8486200.0
2026/4/8,11:25:00,4.575,4.575,4.571,4.572,6119300.0
2026/4/8,11:30:00,4.573,4.574,4.569,4.572,5768100.0
2026/4/8,13:05:00,4.573,4.576,4.571,4.575,8988700.0
2026/4/8,13:10:00,4.576,4.58,4.575,4.576,13856800.0
2026/4/8,13:15:00,4.576,4.579,4.576,4.579,6435100.0
2026/4/8,13:20:00,4.579,4.585,4.579,4.585,14046100.0
2026/4/8,13:25:00,4.584,4.592,4.584,4.591,16130835.0
2026/4/8,13:30:00,4.591,4.595,4.586,4.586,13581738.0
2026/4/8,13:35:00,4.587,4.594,4.584,4.594,12105400.0
2026/4/8,13:40:00,4.594,4.6,4.593,4.599,20379900.0
2026/4/8,13:45:00,4.6,4.602,4.599,4.6,13509900.0
2026/4/8,13:50:00,4.6,4.602,4.598,4.598,8331500.0
2026/4/8,13:55:00,4.599,4.603,4.597,4.599,13230800.0
2026/4/8,14:00:00,4.599,4.602,4.595,4.595,7483900.0
2026/4/8,14:05:00,4.596,4.603,4.595,4.598,6305400.0
2026/4/8,14:10:00,4.598,4.599,4.592,4.593,5164200.0
2026/4/8,14:15:00,4.593,4.596,4.592,4.595,7403600.0
2026/4/8,14:20:00,4.594,4.597,4.591,4.592,9007200.0
2026/4/8,14:25:00,4.591,4.596,4.59,4.596,9085560.0
2026/4/8,14:30:00,4.595,4.598,4.595,4.596,7624300.0
2026/4/8,14:35:00,4.598,4.6,4.596,4.598,12113500.0
2026/4/8,14:40:00,4.598,4.601,4.597,4.601,13051682.0
2026/4/8,14:45:00,4.601,4.602,4.596,4.596,24764700.0
2026/4/8,14:50:00,4.597,4.598,4.595,4.596,28591280.0
2026/4/8,14:55:00,4.597,4.6,4.595,4.599,36728300.0
2026/4/8,15:00:00,4.6,4.604,4.598,4.603,30613500.0
2026/4/9,09:35:00,4.573,4.576,4.563,4.568,61291600.0
2026/4/9,09:40:00,4.569,4.569,4.56,4.562,27587300.0
2026/4/9,09:45:00,4.562,4.569,4.561,4.563,19535700.0
2026/4/9,09:50:00,4.564,4.566,4.56,4.565,23276100.0
2026/4/9,09:55:00,4.566,4.578,4.564,4.576,36218535.0
2026/4/9,10:00:00,4.577,4.58,4.574,4.576,41489500.0
2026/4/9,10:05:00,4.576,4.576,4.57,4.575,18267800.0
2026/4/9,10:10:00,4.575,4.578,4.572,4.575,26764400.0
2026/4/9,10:15:00,4.576,4.577,4.57,4.575,12771700.0
2026/4/9,10:20:00,4.575,4.58,4.572,4.579,17712092.0
2026/4/9,10:25:00,4.579,4.581,4.577,4.579,32483996.0
2026/4/9,10:30:00,4.579,4.58,4.573,4.575,30973500.0
2026/4/9,10:35:00,4.575,4.577,4.572,4.576,26370900.0
2026/4/9,10:40:00,4.576,4.579,4.575,4.575,11988800.0
2026/4/9,10:45:00,4.576,4.584,4.575,4.582,18828900.0
2026/4/9,10:50:00,4.582,4.585,4.58,4.582,12375600.0
2026/4/9,10:55:00,4.581,4.586,4.581,4.583,15881600.0
2026/4/9,11:00:00,4.582,4.584,4.58,4.581,6135600.0
2026/4/9,11:05:00,4.58,4.582,4.577,4.581,10229300.0
2026/4/9,11:10:00,4.581,4.581,4.576,4.579,5792800.0
2026/4/9,11:15:00,4.58,4.581,4.573,4.575,6843800.0
2026/4/9,11:20:00,4.576,4.576,4.573,4.575,8376900.0
2026/4/9,11:25:00,4.576,4.58,4.575,4.576,9391300.0
2026/4/9,11:30:00,4.575,4.575,4.571,4.573,7551300.0
2026/4/9,13:05:00,4.573,4.574,4.566,4.567,19795200.0
2026/4/9,13:10:00,4.568,4.569,4.565,4.566,6383000.0
2026/4/9,13:15:00,4.566,4.567,4.562,4.563,8260800.0
2026/4/9,13:20:00,4.563,4.565,4.561,4.562,6602400.0
2026/4/9,13:25:00,4.562,4.571,4.561,4.57,5902300.0
2026/4/9,13:30:00,4.57,4.571,4.568,4.57,5437600.0
2026/4/9,13:35:00,4.57,4.577,4.569,4.576,8437900.0
2026/4/9,13:40:00,4.576,4.579,4.574,4.576,8613000.0
2026/4/9,13:45:00,4.576,4.58,4.574,4.579,12215400.0
2026/4/9,13:50:00,4.579,4.581,4.575,4.577,10169300.0
2026/4/9,13:55:00,4.577,4.577,4.573,4.573,9792700.0
2026/4/9,14:00:00,4.573,4.576,4.573,4.574,7392200.0
2026/4/9,14:05:00,4.574,4.578,4.572,4.578,5030900.0
2026/4/9,14:10:00,4.578,4.579,4.575,4.575,4658100.0
2026/4/9,14:15:00,4.575,4.577,4.574,4.575,6194200.0
2026/4/9,14:20:00,4.576,4.576,4.573,4.573,4648200.0
2026/4/9,14:25:00,4.574,4.576,4.572,4.575,4464300.0
2026/4/9,14:30:00,4.575,4.576,4.572,4.574,8054300.0
2026/4/9,14:35:00,4.574,4.574,4.57,4.57,14616300.0
2026/4/9,14:40:00,4.571,4.572,4.57,4.571,7609400.0
2026/4/9,14:45:00,4.571,4.571,4.568,4.569,17151500.0
2026/4/9,14:50:00,4.569,4.572,4.568,4.572,9997400.0
2026/4/9,14:55:00,4.572,4.573,4.571,4.573,10469200.0
2026/4/9,15:00:00,4.573,4.574,4.571,4.571,14920700.0
2026/4/10,09:35:00,4.588,4.615,4.588,4.614,61810038.0
2026/4/10,09:40:00,4.614,4.622,4.613,4.621,62219520.0
2026/4/10,09:45:00,4.621,4.627,4.621,4.626,22029680.0
2026/4/10,09:50:00,4.626,4.631,4.625,4.626,31883960.0
2026/4/10,09:55:00,4.625,4.633,4.623,4.633,22475500.0
2026/4/10,10:00:00,4.633,4.643,4.631,4.642,19584800.0
2026/4/10,10:05:00,4.643,4.644,4.639,4.64,20799616.0
2026/4/10,10:10:00,4.64,4.652,4.64,4.647,27057174.0
2026/4/10,10:15:00,4.648,4.652,4.642,4.642,19328200.0
2026/4/10,10:20:00,4.642,4.645,4.636,4.639,19023700.0
2026/4/10,10:25:00,4.639,4.646,4.637,4.646,10663900.0
2026/4/10,10:30:00,4.645,4.648,4.637,4.637,20317300.0
2026/4/10,10:35:00,4.637,4.638,4.632,4.634,4781100.0
2026/4/10,10:40:00,4.634,4.638,4.632,4.632,9230025.0
2026/4/10,10:45:00,4.633,4.637,4.632,4.632,13514500.0
2026/4/10,10:50:00,4.632,4.638,4.629,4.637,20349393.0
2026/4/10,10:55:00,4.638,4.641,4.637,4.639,22831000.0
2026/4/10,11:00:00,4.639,4.643,4.634,4.634,19426100.0
2026/4/10,11:05:00,4.636,4.638,4.627,4.629,11833000.0
2026/4/10,11:10:00,4.629,4.631,4.624,4.624,5025800.0
2026/4/10,11:15:00,4.624,4.628,4.623,4.623,9625300.0
2026/4/10,11:20:00,4.624,4.628,4.622,4.628,7805600.0
2026/4/10,11:25:00,4.628,4.632,4.627,4.631,10696900.0
2026/4/10,11:30:00,4.631,4.635,4.626,4.626,28656836.0
2026/4/10,13:05:00,4.626,4.644,4.625,4.644,40345200.0
2026/4/10,13:10:00,4.643,4.646,4.64,4.641,27095900.0
2026/4/10,13:15:00,4.642,4.642,4.631,4.634,10632500.0
2026/4/10,13:20:00,4.635,4.638,4.633,4.638,9101900.0
2026/4/10,13:25:00,4.639,4.641,4.636,4.64,8863300.0
2026/4/10,13:30:00,4.641,4.646,4.638,4.64,16778800.0
2026/4/10,13:35:00,4.64,4.647,4.639,4.646,15598996.0
2026/4/10,13:40:00,4.647,4.65,4.645,4.649,16419920.0
2026/4/10,13:45:00,4.649,4.65,4.645,4.648,9987200.0
2026/4/10,13:50:00,4.648,4.653,4.647,4.652,23603400.0
2026/4/10,13:55:00,4.653,4.659,4.652,4.658,17361300.0
2026/4/10,14:00:00,4.658,4.662,4.658,4.658,14268621.0
2026/4/10,14:05:00,4.658,4.664,4.655,4.655,20300300.0
2026/4/10,14:10:00,4.655,4.657,4.653,4.655,16444100.0
2026/4/10,14:15:00,4.655,4.658,4.654,4.656,12968800.0
2026/4/10,14:20:00,4.656,4.657,4.65,4.65,12204800.0
2026/4/10,14:25:00,4.65,4.656,4.649,4.656,11732100.0
2026/4/10,14:30:00,4.656,4.657,4.653,4.655,9466900.0
2026/4/10,14:35:00,4.655,4.657,4.654,4.655,14503800.0
2026/4/10,14:40:00,4.655,4.657,4.65,4.651,12935600.0
2026/4/10,14:45:00,4.651,4.651,4.645,4.645,13000000.0
2026/4/10,14:50:00,4.646,4.647,4.64,4.641,12905100.0
2026/4/10,14:55:00,4.641,4.643,4.64,4.642,29378404.0
2026/4/10,15:00:00,4.642,4.643,4.64,4.642,29521388.0
2026/4/13,09:35:00,4.629,4.632,4.623,4.628,25973160.0
2026/4/13,09:40:00,4.628,4.638,4.624,4.633,12671916.0
2026/4/13,09:45:00,4.634,4.64,4.632,4.633,10617700.0
2026/4/13,09:50:00,4.633,4.635,4.624,4.634,9843400.0
2026/4/13,09:55:00,4.635,4.642,4.633,4.642,7017600.0
2026/4/13,10:00:00,4.641,4.648,4.64,4.646,12160800.0
2026/4/13,10:05:00,4.647,4.65,4.645,4.646,8110812.0
2026/4/13,10:10:00,4.646,4.653,4.645,4.648,13849400.0
2026/4/13,10:15:00,4.649,4.653,4.646,4.653,6764044.0
2026/4/13,10:20:00,4.652,4.654,4.65,4.65,6181400.0
2026/4/13,10:25:00,4.65,4.651,4.645,4.647,3844300.0
2026/4/13,10:30:00,4.648,4.65,4.646,4.65,3972900.0
2026/4/13,10:35:00,4.65,4.653,4.646,4.648,4038100.0
2026/4/13,10:40:00,4.649,4.651,4.645,4.646,3760600.0
2026/4/13,10:45:00,4.646,4.648,4.645,4.646,3381300.0
2026/4/13,10:50:00,4.646,4.647,4.641,4.641,4345000.0
2026/4/13,10:55:00,4.641,4.641,4.635,4.636,7228200.0
2026/4/13,11:00:00,4.637,4.643,4.636,4.642,3499800.0
2026/4/13,11:05:00,4.643,4.643,4.637,4.638,3358300.0
2026/4/13,11:10:00,4.638,4.64,4.636,4.637,4870800.0
2026/4/13,11:15:00,4.636,4.637,4.632,4.635,6979000.0
2026/4/13,11:20:00,4.634,4.635,4.633,4.634,4439600.0
2026/4/13,11:25:00,4.635,4.636,4.633,4.633,2314100.0
2026/4/13,11:30:00,4.634,4.638,4.633,4.637,1662745.0
2026/4/13,13:05:00,4.638,4.646,4.638,4.644,4420150.0
2026/4/13,13:10:00,4.644,4.644,4.638,4.643,2469100.0
2026/4/13,13:15:00,4.642,4.643,4.638,4.638,2861300.0
2026/4/13,13:20:00,4.639,4.645,4.637,4.645,4970847.0
2026/4/13,13:25:00,4.644,4.648,4.641,4.647,4463900.0
2026/4/13,13:30:00,4.648,4.651,4.646,4.65,8303400.0
2026/4/13,13:35:00,4.651,4.653,4.648,4.653,11025600.0
2026/4/13,13:40:00,4.653,4.659,4.652,4.658,17454700.0
2026/4/13,13:45:00,4.658,4.659,4.653,4.656,3115200.0
2026/4/13,13:50:00,4.657,4.657,4.652,4.655,6613100.0
2026/4/13,13:55:00,4.655,4.657,4.654,4.656,5284700.0
2026/4/13,14:00:00,4.656,4.657,4.653,4.654,3956000.0
2026/4/13,14:05:00,4.655,4.66,4.654,4.658,7033900.0
2026/4/13,14:10:00,4.659,4.659,4.653,4.656,2902000.0
2026/4/13,14:15:00,4.656,4.656,4.652,4.652,5597300.0
2026/4/13,14:20:00,4.653,4.653,4.649,4.652,3602700.0
2026/4/13,14:25:00,4.652,4.653,4.65,4.651,10173000.0
2026/4/13,14:30:00,4.651,4.652,4.65,4.652,14877400.0
2026/4/13,14:35:00,4.652,4.652,4.646,4.647,12654400.0
2026/4/13,14:40:00,4.647,4.649,4.645,4.647,11645500.0
2026/4/13,14:45:00,4.647,4.651,4.646,4.65,13445700.0
2026/4/13,14:50:00,4.65,4.65,4.647,4.649,6650600.0
2026/4/13,14:55:00,4.65,4.651,4.649,4.651,25829109.0
2026/4/13,15:00:00,4.651,4.653,4.65,4.652,32658016.0
2026/4/14,09:35:00,4.679,4.685,4.673,4.675,26427697.0
2026/4/14,09:40:00,4.675,4.68,4.67,4.677,11978100.0
2026/4/14,09:45:00,4.678,4.679,4.674,4.675,10675700.0
2026/4/14,09:50:00,4.676,4.684,4.675,4.68,10943514.0
2026/4/14,09:55:00,4.68,4.694,4.679,4.69,19557900.0
2026/4/14,10:00:00,4.689,4.69,4.683,4.687,5501500.0
2026/4/14,10:05:00,4.688,4.691,4.68,4.681,9548912.0
2026/4/14,10:10:00,4.681,4.688,4.681,4.687,5433900.0
2026/4/14,10:15:00,4.688,4.692,4.687,4.69,10779100.0
2026/4/14,10:20:00,4.691,4.691,4.685,4.688,11690500.0
2026/4/14,10:25:00,4.688,4.689,4.686,4.687,5567400.0
2026/4/14,10:30:00,4.688,4.692,4.687,4.69,5284500.0
2026/4/14,10:35:00,4.691,4.695,4.688,4.692,11989200.0
2026/4/14,10:40:00,4.692,4.694,4.688,4.69,9542000.0
2026/4/14,10:45:00,4.69,4.694,4.689,4.694,5370100.0
2026/4/14,10:50:00,4.693,4.698,4.69,4.694,14416600.0
2026/4/14,10:55:00,4.694,4.697,4.691,4.694,7544900.0
2026/4/14,11:00:00,4.693,4.695,4.688,4.688,5761200.0
2026/4/14,11:05:00,4.689,4.689,4.685,4.686,5103000.0
2026/4/14,11:10:00,4.686,4.688,4.685,4.688,3348820.0
2026/4/14,11:15:00,4.688,4.69,4.687,4.688,4852900.0
2026/4/14,11:20:00,4.688,4.692,4.687,4.691,3833500.0
2026/4/14,11:25:00,4.691,4.692,4.687,4.688,3890100.0
2026/4/14,11:30:00,4.688,4.692,4.688,4.691,2836840.0
2026/4/14,13:05:00,4.691,4.695,4.686,4.688,6356263.0
2026/4/14,13:10:00,4.687,4.689,4.684,4.686,2893200.0
2026/4/14,13:15:00,4.686,4.687,4.682,4.682,3173937.0
2026/4/14,13:20:00,4.682,4.684,4.676,4.677,5827900.0
2026/4/14,13:25:00,4.677,4.678,4.669,4.671,7361600.0
2026/4/14,13:30:00,4.67,4.672,4.667,4.671,5165900.0
2026/4/14,13:35:00,4.671,4.673,4.663,4.664,8373800.0
2026/4/14,13:40:00,4.664,4.673,4.663,4.672,5565100.0
2026/4/14,13:45:00,4.672,4.678,4.672,4.676,4672700.0
2026/4/14,13:50:00,4.676,4.678,4.673,4.673,5032700.0
2026/4/14,13:55:00,4.673,4.674,4.671,4.671,4633500.0
2026/4/14,14:00:00,4.671,4.677,4.671,4.674,3704200.0
2026/4/14,14:05:00,4.675,4.679,4.674,4.676,4974937.0
2026/4/14,14:10:00,4.676,4.681,4.676,4.679,4335700.0
2026/4/14,14:15:00,4.679,4.682,4.678,4.678,2916100.0
2026/4/14,14:20:00,4.679,4.682,4.677,4.68,4811100.0
2026/4/14,14:25:00,4.68,4.684,4.678,4.682,5010500.0
2026/4/14,14:30:00,4.683,4.684,4.679,4.68,3995100.0
2026/4/14,14:35:00,4.681,4.686,4.68,4.685,6451600.0
2026/4/14,14:40:00,4.686,4.697,4.685,4.696,10685000.0
2026/4/14,14:45:00,4.696,4.7,4.693,4.7,37698000.0
2026/4/14,14:50:00,4.7,4.71,4.699,4.708,26056000.0
2026/4/14,14:55:00,4.709,4.71,4.705,4.709,22915735.0
2026/4/14,15:00:00,4.71,4.712,4.709,4.711,23168622.0
2026/4/15,09:35:00,4.732,4.746,4.731,4.736,76846024.0
2026/4/15,09:40:00,4.736,4.738,4.725,4.73,31692022.0
2026/4/15,09:45:00,4.73,4.736,4.725,4.729,28402400.0
2026/4/15,09:50:00,4.729,4.736,4.728,4.733,20295715.0
2026/4/15,09:55:00,4.734,4.734,4.722,4.724,16387700.0
2026/4/15,10:00:00,4.724,4.732,4.723,4.729,10474900.0
2026/4/15,10:05:00,4.73,4.736,4.729,4.729,16084306.0
2026/4/15,10:10:00,4.729,4.731,4.724,4.727,11130200.0
2026/4/15,10:15:00,4.727,4.727,4.718,4.723,13495600.0
2026/4/15,10:20:00,4.722,4.725,4.72,4.723,7053512.0
2026/4/15,10:25:00,4.724,4.725,4.717,4.718,7087388.0
2026/4/15,10:30:00,4.717,4.724,4.717,4.721,6440400.0
2026/4/15,10:35:00,4.721,4.725,4.714,4.716,11335200.0
2026/4/15,10:40:00,4.717,4.721,4.715,4.717,8990200.0
2026/4/15,10:45:00,4.717,4.719,4.715,4.718,6043500.0
2026/4/15,10:50:00,4.718,4.719,4.712,4.715,7966500.0
2026/4/15,10:55:00,4.714,4.718,4.711,4.711,9564000.0
2026/4/15,11:00:00,4.712,4.716,4.711,4.711,7901700.0
2026/4/15,11:05:00,4.711,4.711,4.708,4.708,7058700.0
2026/4/15,11:10:00,4.709,4.709,4.704,4.707,8695600.0
2026/4/15,11:15:00,4.707,4.712,4.706,4.712,5074100.0
2026/4/15,11:20:00,4.711,4.717,4.711,4.714,5699122.0
2026/4/15,11:25:00,4.714,4.715,4.709,4.711,3968300.0
2026/4/15,11:30:00,4.712,4.717,4.711,4.715,3860900.0
2026/4/15,13:05:00,4.714,4.718,4.711,4.713,9606975.0
2026/4/15,13:10:00,4.714,4.721,4.713,4.716,10534965.0
2026/4/15,13:15:00,4.716,4.718,4.711,4.712,11384440.0
2026/4/15,13:20:00,4.712,4.715,4.709,4.712,9065700.0
2026/4/15,13:25:00,4.713,4.715,4.705,4.706,5884163.0
2026/4/15,13:30:00,4.707,4.709,4.704,4.705,8051775.0
2026/4/15,13:35:00,4.705,4.709,4.704,4.706,7828165.0
2026/4/15,13:40:00,4.706,4.706,4.7,4.703,14100245.0
2026/4/15,13:45:00,4.703,4.708,4.702,4.704,7121495.0
2026/4/15,13:50:00,4.704,4.705,4.698,4.699,16710551.0
2026/4/15,13:55:00,4.698,4.704,4.698,4.704,24193118.0
2026/4/15,14:00:00,4.705,4.707,4.702,4.706,6984159.0
2026/4/15,14:05:00,4.706,4.708,4.698,4.699,16313886.0
2026/4/15,14:10:00,4.7,4.701,4.695,4.698,17280876.0
2026/4/15,14:15:00,4.696,4.698,4.694,4.696,13369862.0
2026/4/15,14:20:00,4.697,4.699,4.693,4.698,10071300.0
2026/4/15,14:25:00,4.699,4.701,4.694,4.696,8260900.0
2026/4/15,14:30:00,4.696,4.699,4.693,4.699,8987300.0
2026/4/15,14:35:00,4.699,4.7,4.69,4.69,6856000.0
2026/4/15,14:40:00,4.691,4.691,4.687,4.687,28675555.0
2026/4/15,14:45:00,4.688,4.69,4.684,4.685,43757800.0
2026/4/15,14:50:00,4.685,4.689,4.684,4.689,28223100.0
2026/4/15,14:55:00,4.689,4.694,4.689,4.693,16721100.0
2026/4/15,15:00:00,4.693,4.696,4.692,4.694,14449186.0
2026/4/16,09:35:00,4.704,4.716,4.7,4.711,36576005.0
2026/4/16,09:40:00,4.712,4.718,4.711,4.717,38819235.0
2026/4/16,09:45:00,4.718,4.728,4.715,4.723,27531070.0
2026/4/16,09:50:00,4.724,4.727,4.718,4.726,34570657.0
2026/4/16,09:55:00,4.725,4.727,4.721,4.721,19094790.0
2026/4/16,10:00:00,4.722,4.727,4.718,4.727,34259618.0
2026/4/16,10:05:00,4.727,4.734,4.727,4.732,29755065.0
2026/4/16,10:10:00,4.733,4.738,4.73,4.733,19655320.0
2026/4/16,10:15:00,4.733,4.735,4.729,4.732,12878615.0
2026/4/16,10:20:00,4.733,4.734,4.727,4.727,17104810.0
2026/4/16,10:25:00,4.728,4.731,4.724,4.724,23417474.0
2026/4/16,10:30:00,4.724,4.729,4.724,4.725,17803593.0
2026/4/16,10:35:00,4.725,4.73,4.724,4.726,18276204.0
2026/4/16,10:40:00,4.725,4.729,4.724,4.727,20647043.0
2026/4/16,10:45:00,4.727,4.729,4.722,4.722,9233937.0
2026/4/16,10:50:00,4.723,4.728,4.722,4.726,12076722.0
2026/4/16,10:55:00,4.726,4.728,4.723,4.724,14763349.0
2026/4/16,11:00:00,4.725,4.738,4.725,4.735,22790717.0
2026/4/16,11:05:00,4.736,4.738,4.733,4.737,11265203.0
2026/4/16,11:10:00,4.737,4.744,4.736,4.741,15870515.0
2026/4/16,11:15:00,4.741,4.742,4.732,4.735,6257000.0
2026/4/16,11:20:00,4.735,4.74,4.735,4.736,3471670.0
2026/4/16,11:25:00,4.737,4.741,4.735,4.737,3972424.0
2026/4/16,11:30:00,4.737,4.738,4.734,4.735,3801800.0
2026/4/16,13:05:00,4.736,4.74,4.73,4.73,6381600.0
2026/4/16,13:10:00,4.731,4.731,4.72,4.721,6251700.0
2026/4/16,13:15:00,4.722,4.725,4.72,4.723,15050240.0
2026/4/16,13:20:00,4.723,4.732,4.722,4.731,7830155.0
2026/4/16,13:25:00,4.731,4.732,4.729,4.729,6612555.0
2026/4/16,13:30:00,4.73,4.73,4.725,4.728,7209562.0
2026/4/16,13:35:00,4.728,4.731,4.727,4.728,7088685.0
2026/4/16,13:40:00,4.728,4.731,4.725,4.726,31982570.0
2026/4/16,13:45:00,4.726,4.728,4.723,4.723,16870526.0
2026/4/16,13:50:00,4.723,4.729,4.722,4.726,5675617.0
2026/4/16,13:55:00,4.727,4.731,4.726,4.73,3903340.0
2026/4/16,14:00:00,4.73,4.736,4.73,4.736,6087700.0
2026/4/16,14:05:00,4.736,4.736,4.73,4.732,4856900.0
2026/4/16,14:10:00,4.732,4.738,4.73,4.737,4958000.0
2026/4/16,14:15:00,4.737,4.742,4.737,4.74,13052800.0
2026/4/16,14:20:00,4.74,4.74,4.736,4.739,5443300.0
2026/4/16,14:25:00,4.74,4.74,4.738,4.738,6030144.0
2026/4/16,14:30:00,4.739,4.74,4.736,4.738,6215595.0
2026/4/16,14:35:00,4.738,4.744,4.737,4.743,25937770.0
2026/4/16,14:40:00,4.743,4.745,4.742,4.743,26156920.0
2026/4/16,14:45:00,4.743,4.745,4.742,4.744,16584013.0
2026/4/16,14:50:00,4.745,4.747,4.743,4.747,22087360.0
2026/4/16,14:55:00,4.747,4.747,4.743,4.745,82824625.0
2026/4/16,15:00:00,4.745,4.747,4.744,4.746,64249910.0
2026/4/17,09:35:00,4.737,4.737,4.727,4.733,54851860.0
2026/4/17,09:40:00,4.733,4.737,4.731,4.733,29224555.0
2026/4/17,09:45:00,4.733,4.742,4.732,4.742,14399450.0
2026/4/17,09:50:00,4.742,4.742,4.734,4.738,16658663.0
2026/4/17,09:55:00,4.738,4.742,4.736,4.739,29393770.0
2026/4/17,10:00:00,4.74,4.744,4.735,4.736,31428085.0
2026/4/17,10:05:00,4.736,4.739,4.732,4.736,10603575.0
2026/4/17,10:10:00,4.737,4.739,4.729,4.729,20860895.0
2026/4/17,10:15:00,4.728,4.73,4.723,4.729,36221420.0
2026/4/17,10:20:00,4.728,4.735,4.728,4.734,13815519.0
2026/4/17,10:25:00,4.734,4.738,4.733,4.736,22084810.0
2026/4/17,10:30:00,4.737,4.743,4.736,4.741,29453456.0
2026/4/17,10:35:00,4.741,4.743,4.736,4.739,13030444.0
2026/4/17,10:40:00,4.739,4.741,4.737,4.738,35338142.0
2026/4/17,10:45:00,4.738,4.74,4.736,4.738,22440092.0
2026/4/17,10:50:00,4.738,4.745,4.737,4.738,15819155.0
2026/4/17,10:55:00,4.74,4.74,4.73,4.734,9634826.0
2026/4/17,11:00:00,4.732,4.738,4.732,4.737,8456055.0
2026/4/17,11:05:00,4.737,4.738,4.733,4.735,5330450.0
2026/4/17,11:10:00,4.734,4.737,4.733,4.736,7468851.0
2026/4/17,11:15:00,4.736,4.737,4.734,4.735,28938915.0
2026/4/17,11:20:00,4.735,4.738,4.733,4.734,43529327.0
2026/4/17,11:25:00,4.734,4.737,4.732,4.735,15517674.0
2026/4/17,11:30:00,4.734,4.735,4.728,4.73,14853050.0
2026/4/17,13:05:00,4.73,4.733,4.727,4.728,8527200.0
2026/4/17,13:10:00,4.728,4.728,4.722,4.726,10358200.0
2026/4/17,13:15:00,4.726,4.733,4.726,4.733,5523500.0
2026/4/17,13:20:00,4.733,4.735,4.731,4.734,8983900.0
2026/4/17,13:25:00,4.735,4.74,4.733,4.74,9177720.0
2026/4/17,13:30:00,4.739,4.742,4.738,4.738,8762700.0
2026/4/17,13:35:00,4.738,4.739,4.734,4.734,3135700.0
2026/4/17,13:40:00,4.734,4.738,4.733,4.735,4283700.0
2026/4/17,13:45:00,4.735,4.737,4.733,4.737,4231220.0
2026/4/17,13:50:00,4.736,4.743,4.736,4.743,8332940.0
2026/4/17,13:55:00,4.743,4.749,4.741,4.748,13315487.0
2026/4/17,14:00:00,4.748,4.75,4.743,4.744,5535500.0
2026/4/17,14:05:00,4.745,4.748,4.742,4.743,3749600.0
2026/4/17,14:10:00,4.743,4.746,4.74,4.74,2053724.0
2026/4/17,14:15:00,4.739,4.742,4.738,4.738,4995700.0
2026/4/17,14:20:00,4.738,4.739,4.732,4.733,6389500.0
2026/4/17,14:25:00,4.733,4.738,4.732,4.736,4697300.0
2026/4/17,14:30:00,4.738,4.738,4.733,4.734,4978700.0
2026/4/17,14:35:00,4.734,4.738,4.733,4.735,12623270.0
2026/4/17,14:40:00,4.736,4.737,4.734,4.736,9743375.0
2026/4/17,14:45:00,4.736,4.736,4.73,4.733,32188653.0
2026/4/17,14:50:00,4.734,4.735,4.733,4.734,15464746.0
2026/4/17,14:55:00,4.734,4.735,4.732,4.735,12817700.0
2026/4/17,15:00:00,4.735,4.74,4.734,4.74,6927000.0
2026/4/20,09:35:00,4.735,4.739,4.728,4.73,23903543.0
2026/4/20,09:40:00,4.732,4.744,4.73,4.743,25053253.0
2026/4/20,09:45:00,4.743,4.75,4.739,4.746,12153315.0
2026/4/20,09:50:00,4.746,4.755,4.745,4.755,18290725.0
2026/4/20,09:55:00,4.755,4.762,4.753,4.76,29879612.0
2026/4/20,10:00:00,4.761,4.768,4.76,4.767,26449019.0
2026/4/20,10:05:00,4.767,4.768,4.758,4.758,14252630.0
2026/4/20,10:10:00,4.759,4.765,4.758,4.761,23915504.0
2026/4/20,10:15:00,4.761,4.764,4.753,4.757,12912415.0
2026/4/20,10:20:00,4.757,4.759,4.751,4.758,8164605.0
2026/4/20,10:25:00,4.759,4.76,4.755,4.757,6899758.0
2026/4/20,10:30:00,4.758,4.771,4.757,4.768,20123611.0
2026/4/20,10:35:00,4.769,4.772,4.764,4.767,15520343.0
2026/4/20,10:40:00,4.767,4.769,4.763,4.764,12576300.0
2026/4/20,10:45:00,4.765,4.768,4.76,4.761,7596717.0
2026/4/20,10:50:00,4.762,4.763,4.757,4.763,10648009.0
2026/4/20,10:55:00,4.764,4.768,4.762,4.768,7717361.0
2026/4/20,11:00:00,4.768,4.772,4.764,4.771,16075535.0
2026/4/20,11:05:00,4.772,4.777,4.767,4.768,20135055.0
2026/4/20,11:10:00,4.768,4.768,4.759,4.759,5644870.0
2026/4/20,11:15:00,4.759,4.76,4.755,4.756,5195002.0
2026/4/20,11:20:00,4.757,4.757,4.75,4.754,6963430.0
2026/4/20,11:25:00,4.754,4.76,4.754,4.759,7136050.0
2026/4/20,11:30:00,4.758,4.768,4.758,4.767,8739151.0
2026/4/20,13:05:00,4.765,4.771,4.762,4.768,7154599.0
2026/4/20,13:10:00,4.768,4.768,4.762,4.767,7372415.0
2026/4/20,13:15:00,4.765,4.768,4.763,4.767,9184305.0
2026/4/20,13:20:00,4.767,4.772,4.766,4.767,9730111.0
2026/4/20,13:25:00,4.767,4.768,4.761,4.762,5738484.0
2026/4/20,13:30:00,4.762,4.764,4.757,4.76,6698410.0
2026/4/20,13:35:00,4.76,4.762,4.757,4.758,7046875.0
2026/4/20,13:40:00,4.758,4.759,4.753,4.753,15520170.0
2026/4/20,13:45:00,4.752,4.754,4.75,4.752,8928755.0
2026/4/20,13:50:00,4.752,4.759,4.752,4.756,3710340.0
2026/4/20,13:55:00,4.755,4.758,4.752,4.758,5077382.0
2026/4/20,14:00:00,4.759,4.759,4.751,4.753,12472715.0
2026/4/20,14:05:00,4.753,4.758,4.752,4.758,15284010.0
2026/4/20,14:10:00,4.759,4.759,4.756,4.756,30663320.0
2026/4/20,14:15:00,4.757,4.76,4.756,4.756,38723920.0
2026/4/20,14:20:00,4.757,4.76,4.756,4.759,27091720.0
2026/4/20,14:25:00,4.759,4.76,4.756,4.757,30465080.0
2026/4/20,14:30:00,4.756,4.758,4.755,4.756,19307040.0
2026/4/20,14:35:00,4.756,4.758,4.755,4.756,33804242.0
2026/4/20,14:40:00,4.757,4.76,4.755,4.76,35052405.0
2026/4/20,14:45:00,4.76,4.762,4.758,4.761,5824085.0
2026/4/20,14:50:00,4.761,4.763,4.759,4.762,11783100.0
2026/4/20,14:55:00,4.763,4.764,4.761,4.764,26648337.0
2026/4/20,15:00:00,4.765,4.766,4.764,4.765,43230186.0
2026/4/21,09:35:00,4.764,4.764,4.754,4.76,17914005.0
2026/4/21,09:40:00,4.76,4.761,4.736,4.736,18850447.0
2026/4/21,09:45:00,4.737,4.745,4.73,4.745,25368674.0
2026/4/21,09:50:00,4.745,4.754,4.744,4.754,20321016.0
2026/4/21,09:55:00,4.754,4.754,4.746,4.75,25658262.0
2026/4/21,10:00:00,4.75,4.752,4.747,4.752,7625380.0
2026/4/21,10:05:00,4.752,4.755,4.748,4.751,19663617.0
2026/4/21,10:10:00,4.752,4.756,4.748,4.749,29844414.0
2026/4/21,10:15:00,4.748,4.75,4.744,4.744,35487140.0
2026/4/21,10:20:00,4.745,4.746,4.742,4.744,40505737.0
2026/4/21,10:25:00,4.745,4.745,4.738,4.742,15067330.0
2026/4/21,10:30:00,4.742,4.748,4.74,4.744,5776585.0
2026/4/21,10:35:00,4.745,4.748,4.744,4.744,14635390.0
2026/4/21,10:40:00,4.745,4.749,4.742,4.747,14535735.0
2026/4/21,10:45:00,4.747,4.752,4.746,4.749,13198605.0
2026/4/21,10:50:00,4.749,4.752,4.747,4.751,13079800.0
2026/4/21,10:55:00,4.752,4.753,4.749,4.753,16309965.0
2026/4/21,11:00:00,4.753,4.756,4.752,4.756,8743200.0
2026/4/21,11:05:00,4.756,4.758,4.752,4.753,8592300.0
2026/4/21,11:10:00,4.754,4.754,4.748,4.75,1810500.0
2026/4/21,11:15:00,4.75,4.75,4.747,4.749,1978900.0
2026/4/21,11:20:00,4.749,4.752,4.748,4.749,1396600.0
2026/4/21,11:25:00,4.749,4.749,4.746,4.748,2857800.0
2026/4/21,11:30:00,4.748,4.75,4.746,4.749,4643767.0
2026/4/21,13:05:00,4.749,4.76,4.748,4.757,5328335.0
2026/4/21,13:10:00,4.757,4.767,4.757,4.765,11388010.0
2026/4/21,13:15:00,4.765,4.77,4.762,4.77,13891676.0
2026/4/21,13:20:00,4.771,4.774,4.765,4.767,14547100.0
2026/4/21,13:25:00,4.767,4.769,4.765,4.767,3495152.0
2026/4/21,13:30:00,4.767,4.773,4.766,4.771,4909600.0
2026/4/21,13:35:00,4.771,4.774,4.77,4.773,7707550.0
2026/4/21,13:40:00,4.773,4.779,4.772,4.778,12436875.0
2026/4/21,13:45:00,4.779,4.785,4.778,4.784,17096900.0
2026/4/21,13:50:00,4.785,4.786,4.778,4.778,7627900.0
2026/4/21,13:55:00,4.779,4.781,4.775,4.778,10593700.0
2026/4/21,14:00:00,4.778,4.78,4.772,4.772,4705700.0
2026/4/21,14:05:00,4.773,4.775,4.769,4.771,5032352.0
2026/4/21,14:10:00,4.771,4.775,4.768,4.771,9971248.0
2026/4/21,14:15:00,4.771,4.773,4.766,4.766,17489616.0
2026/4/21,14:20:00,4.766,4.771,4.766,4.77,12746795.0
2026/4/21,14:25:00,4.769,4.774,4.768,4.772,19632870.0
2026/4/21,14:30:00,4.772,4.774,4.769,4.774,19351358.0
2026/4/21,14:35:00,4.774,4.778,4.773,4.775,9121330.0
2026/4/21,14:40:00,4.776,4.777,4.774,4.774,9831077.0
2026/4/21,14:45:00,4.775,4.777,4.774,4.776,10324090.0
2026/4/21,14:50:00,4.776,4.778,4.775,4.778,17536171.0
2026/4/21,14:55:00,4.778,4.779,4.776,4.778,9489358.0
2026/4/21,15:00:00,4.778,4.778,4.776,4.776,17988205.0
2026/4/22,09:35:00,4.76,4.777,4.756,4.777,47274547.0
2026/4/22,09:40:00,4.776,4.788,4.775,4.786,36074672.0
2026/4/22,09:45:00,4.787,4.79,4.783,4.785,15141060.0
2026/4/22,09:50:00,4.786,4.791,4.782,4.784,20925200.0
2026/4/22,09:55:00,4.783,4.784,4.78,4.782,10308892.0
2026/4/22,10:00:00,4.781,4.782,4.775,4.776,30592988.0
2026/4/22,10:05:00,4.776,4.778,4.77,4.778,22907383.0
2026/4/22,10:10:00,4.778,4.781,4.774,4.779,17481976.0
